----Editorial------
INSERT INTO EDITORIAL VALUES ('E01','Santillana');
INSERT INTO EDITORIAL VALUES ('E02','Tu ciencia');
INSERT INTO EDITORIAL VALUES ('E03','Descubriendo');
INSERT INTO EDITORIAL VALUES ('E04','Abre tu mente');
INSERT INTO EDITORIAL VALUES ('E05','Libros cientificos');
-----Proveedor-----
INSERT INTO PROVEEDOR VALUES ('P01','Juan','SanHilarionAlto');
INSERT INTO PROVEEDOR VALUES ('P02','Santiago','ParqueFatima');
INSERT INTO PROVEEDOR VALUES ('P03','Marcelo','Metro');
INSERT INTO PROVEEDOR VALUES ('P04','Sebastian','Wong');
INSERT INTO PROVEEDOR VALUES ('P05','Alex','PlazadeArmas');
-----Biblioteca-----
INSERT INTO BIBLIOTECA VALUES ('B01','BibliotecaFIIS', 'Tiene auditorio propio','30');  
INSERT INTO BIBLIOTECA VALUES ('B02','BibliotecaFC','Presenta gran cantidad de libros', '31');
INSERT INTO BIBLIOTECA VALUES ('B03','BibliotecaFIEE','Puedes quedarte de amanecida', '32');
INSERT INTO BIBLIOTECA VALUES ('B04','BibliotecaFAUA','Es muy amplia', '33');
INSERT INTO BIBLIOTECA VALUES ('B05','BibliotecaFIM','Tiene una amplia sala de estudio', '34');
------Autor----------
INSERT INTO AUTOR VALUES ('A01','Ariel Monroy');
INSERT INTO AUTOR VALUES ('A02','Lourdes Kala');
INSERT INTO AUTOR VALUES ('A03','Tino Reyna');
INSERT INTO AUTOR VALUES ('A04','Carlos Ramos');
INSERT INTO AUTOR VALUES ('A05','Cesar Canelo');
------Ubicacion------
INSERT INTO UBICACION VALUES ('A','area1');
INSERT INTO UBICACION VALUES ('B','area2');
INSERT INTO UBICACION VALUES ('C','area3');
INSERT INTO UBICACION VALUES ('D','area4');
INSERT INTO UBICACION VALUES ('E', 'area5');
-----Usuario----------
INSERT INTO USUARIO VALUES ('U000001','Italo Contreras Perez','75907982','986392442');
INSERT INTO USUARIO VALUES ('U000002','Santiago Gamarra Garro','827982','955639242');
INSERT INTO USUARIO VALUES ('U000003','Eros Bazan Calderón','42504982','945392552');
INSERT INTO USUARIO VALUES ('U000004','Walter Herrera Acuña','55907982','986772442');
INSERT INTO USUARIO VALUES ('U000005','Luis Fernando Benito','759096682','999245425');
-----Empleado-------
INSERT INTO EMPLEADO VALUES ('E0001','Percy Contreras Rivera','986392443','B01');
INSERT INTO EMPLEADO VALUES ('E0002','Omar Tenorio Perez','986392444','B01');
INSERT INTO EMPLEADO VALUES ('E0003','Fabio Sucasaca Cari','986392445','B02');
INSERT INTO EMPLEADO VALUES ('E0004','Modesto Perez Torres','986392446','B03');
INSERT INTO EMPLEADO VALUES ('E0005','Alvaro Cuadrao Perez','986392447','B05');
--------Libro-----
INSERT INTO LIBRO VALUES ('L000001','Modelamiento de datos','I0000001',253,'E03','P01');
INSERT INTO LIBRO VALUES ('L000002','Calculo Multivariable','I0000002',110,'E02','P02');
INSERT INTO LIBRO VALUES ('L000003','Desarrollo Personal','I0000001',85,'E02','P02');
INSERT INTO LIBRO VALUES ('L000004','Estadistica y probabilidades','I0000001',155,'E02','P04');
INSERT INTO LIBRO VALUES ('L000005','Administracion de base de datos','I0000005',550,'E03','P04');
------AUTORXLIBRO-----
INSERT INTO AUTORXLIBRO VALUES ('L000001','A01');
INSERT INTO AUTORXLIBRO VALUES ('L000003','A02');
INSERT INTO AUTORXLIBRO VALUES ('L000005','A03');
INSERT INTO AUTORXLIBRO VALUES ('L000002','A04');
INSERT INTO AUTORXLIBRO VALUES ('L000004','A05');
------Ordendecompra----
INSERT INTO ORDENDECOMPRA VALUES ('R000001','20051221','5',55,'L000001');
INSERT INTO ORDENDECOMPRA VALUES ('R000002','20060625','5',55,'L000002');
INSERT INTO ORDENDECOMPRA VALUES ('R000003','20020512','5',55,'L000004');
INSERT INTO ORDENDECOMPRA VALUES ('R000004','20031020','5',55,'L000003');
INSERT INTO ORDENDECOMPRA VALUES ('R000005','20030218','5',55,'L000005');
-----Ranking-----
INSERT INTO RANKING VALUES ('R01','L000001');
INSERT INTO RANKING VALUES ('R02','L000003');
INSERT INTO RANKING VALUES ('R03','L000005');
INSERT INTO RANKING VALUES ('R04','L000004');
INSERT INTO RANKING VALUES ('R05','L000001');
-----Bibliotecaxlibro----
INSERT INTO BIBLIOTECAXLIBRO VALUES (50,'B02','L000002',5);
INSERT INTO BIBLIOTECAXLIBRO VALUES (32,'B01','L000003',15);
INSERT INTO BIBLIOTECAXLIBRO VALUES (28,'B05','L000001',15);
INSERT INTO BIBLIOTECAXLIBRO VALUES (25,'B03','L000004',10);
INSERT INTO BIBLIOTECAXLIBRO VALUES (45,'B01','L000005',10);
-----Ejemplar----------
INSERT INTO EJEMPLAR VALUES ('EJ00000001','tapa rota','L000002','A');
INSERT INTO EJEMPLAR VALUES ('EJ00000002','separador malo','L000004','E');
INSERT INTO EJEMPLAR VALUES ('EJ00000003','tapa sucia','L000003','C');
INSERT INTO EJEMPLAR VALUES ('EJ00000004','no forrado','L000003','D');
INSERT INTO EJEMPLAR VALUES ('EJ00000005','manchado','L000001','B');
--------Prestamo---------
INSERT INTO PRESTAMO VALUES ('PR0000000001','U000001','EJ00000001','E0002','20150510','20150513');
INSERT INTO PRESTAMO VALUES ('PR0000000002','U000002','EJ00000003','E0003','20150610','20150613');
INSERT INTO PRESTAMO VALUES ('PR0000000003','U000003','EJ00000004','E0004','20150710','20150713');
INSERT INTO PRESTAMO VALUES ('PR0000000004','U000004','EJ00000002','E0001','20150810','20150813');
INSERT INTO PRESTAMO VALUES ('PR0000000005','U000005','EJ00000005','E0005','20150910','20150914');
-------Sancion-----
INSERT INTO SANCION VALUES ('S1','PR0000000002','No hay sancion');
INSERT INTO SANCION VALUES ('S2','PR0000000005','Si hay sancion');
INSERT INTO SANCION VALUES ('S3','PR0000000001','No hay sancion');
INSERT INTO SANCION VALUES ('S4','PR0000000002','No hay sancion');
INSERT INTO SANCION VALUES ('S5','PR0000000004','No hay sancion');